{"products":[{"id":"0.17436494071483266","qty":2}],"totalPrice":23.999999999999993}